position	original_base	corrected_base
9533	C	T
164683	C	T
165099	T	C
167657	C	T
169566	G	A
170621	C	T
172137	T	C
369912	T	G
461253	C	T
494637	A	G
494652	T	A
494658	C	T
513099	A	T
556825	C	T
730679	C	A
730683	C	A
798795	C	T
799523	T	G
799524	A	G
825151	T	C
1196221		GG
1196287		G
1196293	T	C
1196326	A	
1196587	T	
1197219	G	T
1197550	G	
1197631	T	C
1197667	T	C
1197669	T	C
1197709	G	A
1197710	C	T
1197793	AA	
1198752	G	A
1198834	T	C
1199113	T	C
1199564	G	
1199577	A	
1199595	GC	
1200538	AA	
1201055	G	AAA
1202778	C	T
1202933	TAA	
1202956		G
1202966	C	T
1203629		TT
1203630	C	T
1203633	T	
1203877		T
1204409		C
1204755	GG	
1204819	C	T
1204832		A
1204839	T	C
1204866		C
1204876		C
1204878	C	T
1205259		C
1206134	C	
1206177	T	
1206418	C	TT
1206431		A
1206742	CG	GA
1206761	T	
1206785	G	
1207030	C	T
1207039	C	A
1207052	C	T
1207290		C
1207297	T	C
1207767	T	C
1208541	C	T
1208555	G	A
1208622	T	C
1209031		A
1209152		ATA
1209167		TC
1209257		T
1209462	T	
1209878		C
1210111	G	
1232383	T	G
1232389	A	C
1247227	A	T
1247289	G	T
1314442	A	
1314450	A	T
1314452	TG	CA
1314458	G	T
1314460	A	T
1314462	C	G
1314464	C	A
1314467	TTCG	
1314472	A	
1314476		C
1314480	G	T
1314484	A	T
1314487	AAA	GTT
1314492	A	C
1314496	G	T
1314500	G	C
1314502	GCCGGA	
1314513		AGACAC
1314520	CATTTTT	
1894626	C	A
2305317	T	C
2305336	A	T
2305357	C	A
2305432	G	A
2305544	T	C
2305603	G	C
2305639	G	A
2305735	A	G
2651336	TC	
2651737	T	C
2651739	T	A
2651748	C	A
2651754	T	G
2651767	T	C
2651803	G	T
2651804	C	G
2651821	A	G
2710400	G	A
2710475	T	A
3009518	T	C
3009541	G	A
3009572	C	T
3009584	T	C
3493012	TT	GC
3493019	C	G
3493021	C	G
3493040	T	C
3493048	C	G